일련번호,구분,자치구 코드,자치구 이름,마트 이름,마트 전화번호,마트 주소,마트 홈페이지,주차장 유무
4,마트,380000,은평구,대조 마트,2222-2222,은평구 대조동 서울시 은평구 대조동 98-29,,무
6,마트,140000,중구,롯데슈퍼 신당점,2290-5853,중구 신당3동 서울시 중구 다산로 56(신당동, 남산정은스카이아파트),무
8,마트,140000,중구,롯데슈퍼 명동점,778-5603,중구 명동 서울시 중구 명동8나길 47(충무로1가),,무
10,마트,140000,중구,홈플러스 신당점,2236-8543,중구 신당6동 서울시 중구 다산로 222(신당동),,무
12,마트,470000,양천구,홈플러스 목동점,2644-2080,양천구 목1동 서울시 양천구 목동서로 170(목동),corporate.homeplus.co.kr/store/store_search/store_intro.aspx?store=mokdong2,유
13,마트,470000,양천구,이마트 목동점,6923-1234,양천구 목1동 서울특별시 양천구 962 목동 트라팰리스(지하층) ,emart.shinsegae.com/branch/BRMain01M.asp?JumID=E126,유
14,마트,470000,양천구,이마트 신월점,2697-7123,양천구 신월5동 서울시 양천구 화곡로 59(신월동),emart.shinsegae.com/branch/BRMain01M.asp?JumID=E18,유
18,마트,260000,중랑구,홈플러스 면목점,437-2080,중랑구 면목5동 서울시 중랑구 사가정로 332(면목동),corporate.homeplus.co.kr,유
19,마트,260000,중랑구,홈플러스 신내점,2024-8000,중랑구 신내2동 서울시 중랑구 신내로 201(신내동),corporate.homeplus.co.kr,유
20,마트,260000,중랑구,이마트 상봉점,490-1234,중랑구 망우본동 서울시 중랑구 상봉로 118(망우동),emart.shinsegae.com,유
21,마트,260000,중랑구,코스트코상봉점,439-1144,중랑구 상봉2동 서울시 중랑구 망우로 336(상봉동),costco.co.kr,유
22,마트,260000,중랑구,서울원예농협하나로마트,948-0570,중랑구 묵1동 서울시 중랑구 동일로 842(묵동),seoulwynh.co.kr,유
23,마트,260000,중랑구,동부할인마트,2207-5507,중랑구 상봉2동 서울시 중랑구 망우로32길 23(상봉동),,무
24,마트,260000,중랑구,한샘마트,493-8249,중랑구 망우본동 서울시 중랑구 봉우재로71길 18, 1층 용마프라자(망우동,유
25,마트,260000,중랑구,킴스마트,432-3100,중랑구 면목7동 서울시 중랑구 면목로39길 11(면목동),,유
26,마트,560000,영등포구,코스트코홀세일,2630-2653,영등포구 양평1동 서울시 영등포구 선유로 156(양평동3가),www.costco.co.kr/,유
27,마트,560000,영등포구,빅마켓 영등포점,2165-2510,영등포구 영등포동 서울시 영등포구 영중로 125(영등포동 8가),company.lottemart.com/branch/b_info_new.jsp?commonStoreID=3,유
28,마트,560000,영등포구,홈플러스 영등포점,2165-8000,영등포구 문래동 서울시 영등포구 당산로 42(문래동3가),company.homeplus.co.kr/store/store_search/store_intro.aspx?store=yongdungpo,유
29,마트,560000,영등포구,이마트 여의도점,2280-1050,영등포구 여의도동 서울시 영등포구 여의동로3길 10(여의도동,여의도자이아파트),유
30,마트,560000,영등포구,타임스퀘어,2638-2000,영등포구 영등포동 서울시 영등포구 영중로 15(영등포동4가),www.timessquare.co.kr/,유
31,마트,560000,영등포구,썬프라자,842-0008,영등포구 대림1동 서울시 영등포구 신길로 41(대림동),,유
32,마트,560000,영등포구,이천일아울렛,2631-7700,영등포구 당산2동 서울시 영등포구 양평로 47(당산동5가),www.2001outlet.com/branch/branch_main.asp?xShopCode=7201,유
36,마트,530000,구로구,이마트 구로점,2009-1001,구로구 구로3동 서울시 구로구 디지털로32길 43(구로동),emart.shinsegae.com/,유
37,마트,530000,구로구,홈플러스 신도림점,2618-2080,구로구 신도림동 서울시 구로구 경인로 661(신도림동),www.homeplus.co.kr/,유
38,마트,530000,구로구,이마트 신도림점,6715-1050,구로구 구로5동 서울시 구로구 새말로 97(구로동),emart.shinsegae.com/,유
39,마트,530000,구로구,롯데마트 구로점,2639-2525,구로구 구로1동 서울시 구로구 경인로 482(구로동),company.lottemart.com,유
40,마트,530000,구로구,삼익쇼핑센터,2686-9982,구로구 오류1동 서울시 구로구 경인로 192(오류동),,유
41,마트,530000,구로구,신도림 테크노마트,2111-0121,구로구 구로5동 서울시 구로구 새말로 97(구로동),,유
42,마트,530000,구로구,나인스에비뉴,852-7550,구로구 구로2동 서울시 구로구 구로중앙로 134(구로동,신구로자이나인스에비뉴),유
43,마트,530000,구로구,일이삼전자타운,2617-1237,구로구 고척1동 서울시 구로구 경인로 393-7(고척동),,유
44,마트,530000,구로구,2001아울렛 구로점,2064-2001,구로구 고척1동 서울시 구로구 중앙로1길 36(고척동),,유
45,마트,530000,구로구,사모아종합상가,839-4804,구로구 구로1동 서울시 구로구 구일로10길 93(구로동),,유
46,마트,530000,구로구,개봉프라자,2619-8068,구로구 고척2동 서울시 구로구 고척로40길 19(고척동,개봉청구아파트),유
47,마트,530000,구로구,개봉제일시장,2683-8792,구로구 개봉3동 서울시 구로구 개봉로3길 51(개봉동),,유
48,마트,530000,구로구,개봉중앙시장,2685-6162,구로구 개봉2동 서울시 구로구 개봉로17길 34(개봉동),,유
49,마트,530000,구로구,구로시장,830-8231,구로구 구로4동 서울시 구로구 구로동로22길 20-27(구로동),,무
50,마트,530000,구로구,오류시장,2611-3888,구로구 오류1동 서울시 구로구 경인로19가길 14-1(오류동),,무
51,마트,710000,송파구,홈플러스 잠실점,3468-8122,송파구 잠실6동 서울시 송파구 올림픽로35가길 16(신천동),company.homeplus.co.kr/store/store_search/store_intro.aspx?store=jamsil,유
52,마트,710000,송파구,롯데마트 월드점,411-8410,송파구 잠실3동 서울시 송파구 올림픽로 240(잠실동),company.lottemart.com/branch/b_info_new.jsp?commonStoreID=4,유
53,마트,710000,송파구,롯데마트 송파점,2006-7710,송파구 문정2동 서울시 송파구 중대로 80(문정동),company.lottemart.com/branch/b_info_new.jsp?commonStoreID=81,유
55,마트,305000,강북구,수유시장,980-2626,강북구 수유1동 서울시 강북구 도봉로67길 18(수유동),,유
56,마트,305000,강북구,숭인시장,988-1430,강북구 송천동 서울시 강북구 도봉로 45(미아동),,유
57,마트,305000,강북구,번동북부시장,902-1683,강북구 번1동 서울시 강북구 한천로123길 26(번동),,유
58,마트,305000,강북구,수유중앙시장,902-1353,강북구 수유3동 서울시 강북구 노해로 17길 21(수유동),,유
59,마트,305000,강북구,우이시장,993-0240,강북구 수유2동 서울시 강북구 노해로 23길 68(수유동),,무
60,마트,305000,강북구,수유북부시장,903-5546,강북구 인수동 서울시 강북구 삼양로 91길 11-12(수유동),,유
61,마트,305000,강북구,강북종합시장,995-5405,강북구 수유3동 서울시 강북구 한천로 148길 12-43(수유동),,유
62,마트,305000,강북구,삼양시장,985-5678,강북구 삼양동 서울시 강북구 솔매로 52(미아동),,유
63,마트,305000,강북구,동북시장,989-0403,강북구 삼양동 서울시 강북구 솔샘로 233(미아동),,유
64,마트,305000,강북구,수유골목시장,989-4730,강북구 수유1동 서울시 강북구 도봉로67길 18(수유동),,무
65,마트,305000,강북구,수유재래시장,987-6380,강북구 수유1동 서울시 강북구 도봉로67길 13(미아동),,무
66,마트,305000,강북구,수유프라자,982-2278,강북구 수유1동 서울시 강북구 도봉로 261(수유동,삼호가든아파트),유
68,마트,305000,강북구,롯데슈퍼,981-5601,강북구 수유1동 서울시 강북구 도봉로 67길 18(수유동),,유
69,마트,305000,강북구,GS슈퍼,988-5103,강북구 번2동 서울시 강북구 덕릉로 176(번동),,유
70,마트,305000,강북구,홈플러스익스프레스,980-8547,강북구 송중동 서울시 강북구 도봉로 172(미아동),,무
71,마트,305000,강북구,E마트에브리데이,3281-3651,강북구 송천동 서울시 강북구 도봉로 157(미아동,두원프라자),무
72,마트,305000,강북구,트레지오,986-7000,강북구 송중동 서울시 강북구 도봉로 34(미아동),,유
73,마트,545000,금천구,홈플러스 독산점,895-8545,금천구 독산1동 서울시 금천구 독산로 210(독산동),,유
74,마트,545000,금천구,홈플러스 시흥점,891-8515,금천구 시흥1동 서울시 금천구 독산로 56(시흥동),,유
75,마트,260000,중랑구,진흥마켓,439-0600,중랑구 면목본동 서울시 중랑구 면목로74길 45(면목동),,무
76,마트,260000,중랑구,동원마트,495-1972~3,중랑구 면목본동 서울시 중랑구 상봉로15가길 36(면목동),,유
78,마트,500000,강서구,이마트 가양점,2101-1050,강서구 가양3동 서울시 강서구 양천로 559(가양동),http://www.emart.com/branch/info/info.jsp?id=380,유
79,마트,500000,강서구,홈플러스 가양점,3663-9400,강서구 가양2동 서울시 강서구 양천로 431(가양동),http://company.homeplus.co.kr/store/store_search/store_intro.aspx?store=kangseo2,유
80,마트,500000,강서구,이마트 공항점,2166-1050,강서구 공항동 서울시 강서구 하늘길 75(과해동),http://www.emart.com/branch/info/info.jsp?id=670,유
81,마트,500000,강서구,홈플러스 강서점,3665-7756,강서구 등촌1동 서울시 강서구 양천로 431(가양동),http://company.homeplus.co.kr/store/store_search/store_intro.aspx?store=kangseo,유
83,마트,290000,성북구,이마트 미아점,944-1234,성북구 길음2동 서울시 성북구 도봉로 17(길음동),,유
84,마트,290000,성북구,코코마트,943-4042,성북구 장위2동 서울시 성북구 장위로38길 16(장위동),,유
85,마트,545000,금천구,롯데마트 금천점,809-2500,금천구 독산1동 서울시 금천구 두산로 71(독산동),,유
86,마트,290000,성북구,동소문스카이프라자,922-4414,성북구 돈암2동 서울시 성북구 성북로4길 55(성북동),,유
87,마트,200000,성동구,이마트 성수점,3408-1053,성동구 성수2가1동 서울시 성동구 뚝섬로 377(성수동2가),emart.shinsegae.com/,유
88,마트,200000,성동구,이마트 왕십리점,2200-1234,성동구 행당1동 서울시 성동구 뚝섬로 377(성수동2가),emart.shinsegae.com/,유
89,마트,200000,성동구,한진종합상가,2281-7003,성동구 행당2동 서울시 성동구 행당로6길 97(행당동),,유
90,마트,200000,성동구,대림리빙프라자,2297-6205,성동구 행당2동 서울시 성동구 행당로 75(행당동),,유
91,마트,200000,성동구,성동삼성쉐르빌상가 ,3395-9336,성동구 왕십리도선동 서울시 성동구 무학로6길 50(도선동,삼성쉐르빌),유
92,마트,200000,성동구,한남하이츠상가,2297-2484,성동구 옥수동 서울시 성동구 독서당로 156(옥수동,한남하이츠아파트),유
93,마트,200000,성동구,ENTER-6,511-8588,성동구 행당1동 서울시 성동구 뚝섬로 377(성수동2가),www.enter6.co.kr,유
94,마트,320000,도봉구,롯데마트 도봉점,2289-1543,도봉구 방학1동 서울시 도봉구 마들로 645(방학동),,유
95,마트,320000,도봉구,홈플러스 방학점,2289-5500,도봉구 방학1동 서울시 도봉구 도봉로678(방학동),,유
96,마트,320000,도봉구,농협창동물류센터,3499-6067,도봉구 창4동 서울시 도봉구 마들로11길20(창동),,유
97,마트,320000,도봉구,이마트 창동점,901-1051,도봉구 창5동 서울시 도봉구 노해로65길 4(창동),,유
98,마트,215000,광진구,노룬산시장,463-7521,광진구 자양4동 서울시 광진구 뚝섬로 491(자양동),,무
99,마트,215000,광진구,조양시장,463-5611,광진구 자양4동 서울시 광진구 아차산로30길 39(자양동),,무
100,마트,215000,광진구,중곡제일시장,467-0254,광진구 중곡1동 서울시 광진구 긴고랑로11길 11(중곡동),,무
101,마트,215000,광진구,구의시장,457-8045,광진구 구의2동 서울시 광진구 구의2동 66-28,,무
102,마트,215000,광진구,신성종합시장,444-1707,광진구 중곡4동 서울시 광진구 영화사로 10(중곡동),,무
103,마트,215000,광진구,워커힐상가,454-0365,광진구 광장동 서울시 광진구 아차산로 635(광장동),,유
104,마트,215000,광진구,자양종합시장,457-7480,광진구 자양2동 서울시 광진구 자양번영로6길 20(자양동),,유
105,마트,215000,광진구,한아름시장,465-7965,광진구 화양동 서울시 광진구 능동로13길 39(화양동),,유
106,마트,215000,광진구,광성시장,467-5200,광진구 중곡1동 서울시 광진구 능동로47길 30(중곡동),,무
107,마트,215000,광진구,현대종합상가,464-3916,광진구 광장동 서울시 광진구 광나루로 635(광장동),,유
108,마트,215000,광진구,동서울터미널상가,450-8832,광진구 구의3동 서울시 광진구 강변역로 50(구의동),,유
109,마트,215000,광진구,구의현대종합상가,454-7529,광진구 구의3동 서울시 광진구 광나루로56길 66(구의동),,유
110,마트,215000,광진구,프라임프라자상가,3437-2572,광진구 구의3동 서울시 광진구 광나루로56길 63(구의동),,유
111,마트,215000,광진구,테크노마트21,3424-0300,광진구 구의3동 서울시 광진구 광나루로56길 85(구의동),,유
112,마트,215000,광진구,프라젠스파,580-0361,광진구 자양2동 서울시 광진구 자양로5길 33(자양동,와이엠프라젠스타),유
113,마트,215000,광진구,파크에비뉴,466-6767,광진구 군자동 서울시 광진구 광나루로 369(군자동, 광진두산위브파크),유
115,마트,215000,광진구,중곡제일골목시장,466-5003,광진구 중곡1동 서울시 광진구 능동로47길 30(중곡동),,무
116,마트,215000,광진구,노룬산골목시장,465-2103,광진구 자양4동 서울시 광진구 뚝섬로25길 6(자양동),,무
117,마트,215000,광진구,자양골목시장,458-1624,광진구 자양1동 서울시 광진구 자양로15길 96(자양동),,유
118,마트,215000,광진구,영동교골목시장,463-9686,광진구 자양4동 서울시 광진구 동일로10길 30(자양동),,무
119,마트,215000,광진구,화양제일골목시장,462-2859,광진구 화양동 서울시 광진구 아차산로29길 59(화양동),,무
120,마트,215000,광진구,면곡골목시장,437-7686,광진구 중곡3동 서울시 광진구 답십리로78길 5(중곡동),,무
121,마트,215000,광진구,능동로골목시장,499-6708,광진구 자양3동 서울시 광진구 뚝섬로30길 23(자양동),,무
122,마트,215000,광진구,롯데마트 강변점,3424-2506,광진구 구의3동 서울시 광진구 광나루로56길 85, 지하2층(구의동),유
123,마트,215000,광진구,이마트 자양점,2024-1051,광진구 자양3동 서울시 광진구 아차산로 272(자양동),,유
125,마트,260000,중랑구,두리마트,973-2100,중랑구 묵2동 서울시 중랑구 중랑역로 225(묵동),,무
126,마트,260000,중랑구,수협바다마트신내점,3423-0100,중랑구 신내1동 서울시 중랑구 신내로14길 21(신내동,동성7차아파트),무
127,마트,260000,중랑구,먹골할인마트,949-2333,중랑구 묵1동 서울시 중랑구 공릉로2길 7(묵동),,무
128,마트,260000,중랑구,진로마트,979-7881,중랑구 묵1동 서울시 중랑구 중랑역로 262(묵동),,무
129,마트,260000,중랑구,홈플러스익스프레스 태릉점,491-8546,중랑구 중화2동 서울시 중랑구 동일로129길 35(중화동, 태능에셈빌),무
130,마트,260000,중랑구,뉴건영할인마트,495-3001,중랑구 신내1동 서울시 중랑구 신내로7길 16(신내동,건영2차아파트),무
131,마트,260000,중랑구,롯데쇼핑(주)롯데슈퍼상봉점,434-5602,중랑구 상봉2동 서울시 중랑구 동일로 887(묵동),,무
132,마트,260000,중랑구,홈플러스익스프레스 망우점,434-8545,중랑구 망우3동 서울시 중랑구 용마산로 494(망우동),,무
133,마트,260000,중랑구,코리아마트,438-2783,중랑구 신내1동 서울시 중랑구 신내로 48(신내동),,무
134,마트,260000,중랑구,(주)참마트,409-2600,중랑구 중화1동 서울시 중랑구 봉화산로 56(중화동),,무
135,마트,260000,중랑구,롯데쇼핑(주)롯데슈퍼묵동점,2209-5735,중랑구 묵2동 서울시 중랑구 동일로 887(묵동),,무
136,마트,260000,중랑구,하나로마트신내점,493-3080,중랑구 신내1동 서울시 중랑구 신내로 74(신내동),,무
137,마트,260000,중랑구,홈마트,2209-6622,중랑구 면목2동 서울시 중랑구 봉우재로6길 23(면목동),,무
138,마트,260000,중랑구,햇빛촌,435-9591,중랑구 면목2동 서울시 중랑구 망우로30길 37(면목동),,무
139,마트,260000,중랑구,부흥점할인마트,491-3368,중랑구 면목2동 서울시 중랑구 면목천로23길 51(면목동,제일빌리지),무
140,마트,260000,중랑구,맥스토어,2207-4861,중랑구 면목3·8동 서울시 중랑구 면목3·8동 15-1,,무
141,마트,260000,중랑구,동산할인마트,432-0562,중랑구 면목4동 서울시 중랑구 용마산로 202(면목동),,무
142,마트,260000,중랑구,우정하이퍼,433-2966,중랑구 상봉2동 서울시 중랑구 면목로91길 31(상봉동),,무
144,마트,260000,중랑구,가락농산물마트,2207-9190,중랑구 중화1동 서울시 중랑구 동일로 766(중화동),,무
145,마트,260000,중랑구,태능공판장,491-1222,중랑구 중화1동 서울시 중랑구 동일로130길 6(중화동),,무
147,마트,260000,중랑구,더브러마트,971-8332,중랑구 묵1동 서울시 중랑구 묵1동 120-307,,무
148,마트,260000,중랑구,화랑마트,973-3113,중랑구 묵2동 서울시 중랑구 동일로151길 7(묵동),,무
149,마트,260000,중랑구,광성마트,932-0846,중랑구 망우본동 서울시 중랑구 망우로67길 7(망우동),,무
150,마트,260000,중랑구,어울림마트,494-1201,중랑구 망우본동 서울시 중랑구 양원역로 18(망우동,금호어울림아파트),무
151,마트,260000,중랑구,24시영할인마트,070-7739-8254,중랑구 망우3동 서울시 중랑구 용마산로 475(망우동),,무
152,마트,260000,중랑구,코사마트,2207-3953,중랑구 망우3동 서울시 중랑구 봉우재로58길 16(망우동),,무
153,마트,230000,동대문구,(주)홈플러스 동대문점,2173-8120,동대문구 용신동 서울시 동대문구 천호대로 133(용두동),www.homeplus.co.kr,유
154,마트,230000,동대문구,바우하우스,2115-1780,동대문구 장안2동 서울시 동대문구 답십리로 288(장안동,바우하우스),유
156,마트,230000,동대문구,서울풍물시장,2232-3367,동대문구 용신동 서울시 동대문구 천호대로4길 21(신설동),,유
159,마트,620000,관악구,GS슈퍼마켓,873-0637,관악구 청룡동 서울시 관악구 쑥고개로 111(봉천동),www.gsretail.com,유
160,마트,620000,관악구,중앙할인마트,872-7508,관악구 중앙동 서울시 관악구 관악로 211(봉천동),,유
162,마트,620000,관악구,원마트,888-0930,관악구 인헌동 서울시 관악구 납부순환로248길 35(봉천동),,무
163,마트,620000,관악구,난곡신세계할인마트,830-0340,관악구 난향동 서울시 관악구 난곡로 100(신림동,파로스프라자),유
164,마트,620000,관악구,드림마트,886-0400,관악구 서림동 서울시 관악구 신림로 144(신림동),,유
165,마트,620000,관악구,진흥마켓,865-0111,관악구 신사동 서울시 관악구 남부순환로157길 63(신림동),,무
166,마트,620000,관악구,대성유통,884-4322,관악구 삼성동 서울시 관악구 원신2길 34(신림동),,무
167,마트,620000,관악구,세이브 마트,856-6022,관악구 미성동 서울시 관악구 난곡로 220(신림동),www.savemart.org/,유
169,마트,620000,관악구,라붐아울렛,6276-8000,관악구 청룡동 서울시 관악구 남부순환로 1820(봉천동),,유
171,마트,620000,관악구,르네상스쇼핑몰,888-0630,관악구 신림동 서울시 관악구 신림로 340(신림동),www.renaissancemall.co.kr/,유
172,마트,620000,관악구,포도몰,881-8004,관악구 서원동 서울시 관악구 신림로 330(신림동),www.epodomall.co.kr/,유
173,마트,620000,관악구,관악현대종합상가,882-0924,관악구 청림동 서울시 관악구 관악로 304(봉천동, 관악현대아파트),유
174,마트,620000,관악구,관악프라자,887-1871,관악구 행운동 서울시 관악구 관악로 212, 3(봉천동),유
175,마트,170000,용산구,아이파크몰,2012-0101,용산구 한강로동 서울시 용산구 한강대로23길 55(한강로3가),www.iparkmall.co.kr/,유
176,마트,170000,용산구,하나로클럽 용산점,2077-2800 ,용산구 한강로동 서울시 용산구 청파로 122(한강로2가),www.hanaro-club.com,유
177,마트,170000,용산구,이마트 용산점,2012-1234,용산구 한강로동 서울시 용산구 한강대로23길 55(한강로3가),emart.shinsegae.com/,유
178,마트,230000,동대문구,한솔동의보감,6370-0000,동대문구 제기동 서울시 동대문구 왕산로 109(제기동, 한솔동의보감),유
179,마트,230000,동대문구,건강백화점 동의보감,3293-4701,동대문구 용신동 서울시 동대문구 왕산로 128(용두동, 동의보감타워),유
180,마트,230000,동대문구,블로장생타워,6456-7200,동대문구 제기동 서울시 동대문구 왕산로 117 (제기동, 불로장생타워),유
181,마트,230000,동대문구,청량리 현대코아,3299-3564,동대문구 청량리동 서울시 동대문구 홍릉길 13, 774 (청량리동),유
182,마트,230000,동대문구,전농프라자,2214-7400,동대문구 전농1동 서울시 동대문구 서울시립대로 36 (전농동, 전농프라자),무
184,마트,560000,영등포구,롯데백화점 영등포점,2670-8831~6,영등포구 영등포본동 서울시 영등포구 경인로102길 13(영등포동),www.lotteshopping.com/depart/branch/submain.jsp?branch_cd=003,유
185,마트,560000,영등포구,신세계백화점 영등포점,2639-1040~1,영등포구 영등포동 서울시 영등포구 영중로 9(영등포동4가),department.shinsegae.com/store/yongdungpo/introduce.asp,유
186,마트,710000,송파구,마천중앙시장,448-2808,송파구 마천2동 송파구 마천2동 마천동 140-2,,무
187,마트,710000,송파구,문정로데오상점가,400-1633,송파구 문정1동 서울시 송파구 동남로4길 10일대(문정동),,무
188,마트,710000,송파구,방이시장,413-3913,송파구 방이2동 서울시 송파구 중대로 80(문정동),,무
189,마트,710000,송파구,석촌시장,414-8784,송파구 석촌동 서울시 송파구 송파대로37길 70일대(석촌동),,무
190,마트,710000,송파구,새마을시장,2203-4949,송파구 잠실본동 서울시 송파구 석촌호수로12길 3일대(잠실동),,무
191,마트,710000,송파구,풍납시장,470-6005,송파구 풍납1동 서울시 송파구 바람드리길 50일대(풍납동),,무
192,마트,710000,송파구,롯데캐슬플라자,2146-2002(~3),송파구 잠실6동 서울시 송파구 올림픽로 269(신천동,롯데캐슬골드),유
193,마트,710000,송파구,가든파이브 툴동,2047-6010,송파구 문정2동 서울시 송파구 문정2동 문정동 280,www.garden5.com/,유
194,마트,710000,송파구,잠실중앙상가,422-5851,송파구 잠실3동 서울시 송파구 올림픽로 203(잠실동, 잠실주공아파트 5단지),유
195,마트,710000,송파구,올림픽파크 동부센트레빌,430-7007,송파구 오금동 서울시 송파구 오금동 1-11,,유
196,마트,710000,송파구,장미종합상가,430-7007,송파구 잠실6동 서울시 송파구 올림픽로35길 104(신천동,장미아파트),유
197,마트,710000,송파구,프리마타워 쇼핑센터,412-1630,송파구 잠실7동 서울시 송파구 올림픽로4길 42(잠실동,우성아파트),유
198,마트,710000,송파구,엄마손상가,415-7686,송파구 석촌동 서울시 송파구 가락로 103(석촌동),,유
199,마트,710000,송파구,한화건설 송파점,416-6006,송파구 송파1동 서울시 송파구 가락로 183(송파동),,유
200,마트,710000,송파구,올림픽프라자상가,400-0198,송파구 오륜동 서울시 송파구 양재대로 1222(방이동),,유
201,마트,710000,송파구,쌍용프라자 상가,403-7008,송파구 가락2동 서울시 송파구 동남로 193(가락동, 가락쌍용아파트),유
202,마트,710000,송파구,송파쇼핑센터(아울렛코리아),431-0611,송파구 마천1동 서울시 송파구 마천로 315(마천동,현대그린빌),유
203,마트,710000,송파구,갤러리아팰리스 아케이드,2145-4942,송파구 잠실3동 서울시 송파구 올림픽로 212(잠실동, 갤러리아팰리스),유
204,마트,710000,송파구,가든파이브 라이프동,2157-0118,송파구 문정2동 서울시 송파구 문정2동 문정동 517,www.garden5.com/ ,유
206,마트,260000,중랑구,그랜드마트,432-4004,중랑구 상봉2동 서울시 중랑구 망우로32길 37(면목동),,무
207,마트,110000,종로구,푸른마트,738-1668,종로구 청운효자동 서울시 종로구 필운대로6길 3(통인동),,무
208,마트,110000,종로구,오거리슈퍼,722-0612,종로구 청운효자동 서울시 종로구 자하문로9길 17(통인동),,무
209,마트,110000,종로구,월드마트,722-1186,종로구 사직동 서울시 종로구 사직로 95(필운동,파크맨션아파트),무
210,마트,110000,종로구,G.C(지씨)마트,733-4870,종로구 사직동 서울시 종로구 사직로8길 20(내수동,파크팰리스),무
211,마트,110000,종로구,제일마트,391-7408,종로구 사직동 서울시 종로구 자하문로 266(부암동),,무
212,마트,110000,종로구,화계쇼핑,379-8514,종로구 사직동 서울시 종로구 진흥로 484(신영동),,무
213,마트,110000,종로구,럭케체인슈퍼,394-3727,종로구 사직동 서울시 종로구 백석동길 15(부암동),,무
214,마트,110000,종로구,중앙슈퍼,395-4152,종로구 평창동 서울시 종로구 평창11길 5(평창동),,무
215,마트,110000,종로구,코스꼬레마트,3414-0051,종로구 평창동 서울시 종로구 평창11길 3(평창동),,무
216,마트,110000,종로구,럭키할인마트,395-5985,종로구 평창동 서울시 종로구 평창문화로 39(평창동),,무
217,마트,110000,종로구,에스마트,379-8486,종로구 평창동 서울시 종로구 진흥로 456(구기동),,무
218,마트,110000,종로구,신영마트,379-9195,종로구 평창동 서울시 종로구 홍지문길 79(구기동,산정하이츠빌라),무
219,마트,110000,종로구,귀빈마트,391-1012,종로구 평창동 서울시 종로구 평창문화로 152(평창동,평창동안성타워),무
220,마트,110000,종로구,평창그린슈퍼,391-0595,종로구 평창동 서울시 종로구 평창길 8(평창동),,무
221,마트,110000,종로구,PARK할인마트,723-4941,종로구 무악동 서울시 종로구 통일로18길 9(무악동, 인왕산I-PARK아파트),무
222,마트,110000,종로구,무악후레쉬마트,730-2360,종로구 무악동 서울시 종로구 통일로12길 51무악현대아파트(무악동,무악현대아파트),무
223,마트,110000,종로구,금성할인마트,736-3609,종로구 교남동 서울시 종로구 송월길 126(행촌동),,무
224,마트,110000,종로구,레몬마트,741-8285,종로구 교남동 서울시 종로구 돈화문로 52(묘동),,무
225,마트,110000,종로구,동우슈퍼,743-7877,종로구 교남동 서울시 종로구 통일로 156(교남동),,무
226,마트,110000,종로구,쌍용마트,3676-5118,종로구 교남동 서울시 종로구 교남동 50-101,,무
227,마트,110000,종로구,홈마트,475122,종로구 교남동 서울시 종로구 명륜길 8(명륜1가),,무
228,마트,110000,종로구,현대할인마트,762-2238,종로구 교남동 서울시 종로구 성균관로 58(명륜1가),,무
229,마트,110000,종로구,코아마트,765-0050,종로구 교남동 서울시 종로구 성균관로 12지하1층(명륜2가),,무
230,마트,110000,종로구,이화웰빙마트,741-0017,종로구 교남동 서울시 종로구 창경궁로 265아남아파트상가 지하 2~17호(명륜2가,아남아파트),무
231,마트,110000,종로구,명륜장터,747-9888,종로구 교남동 서울시 종로구 명륜길1(명륜3가),,무
232,마트,110000,종로구,우리할인마트,745-8888,종로구 창신1동 서울시 종로구 창신길 20(창신동),,무
233,마트,110000,종로구,우리농산물할인마트,764-1664,종로구 창신1동 서울시 종로구 창신길 54(창신동),,무
234,마트,110000,종로구,그랜드마트,3276-9244,종로구 창신3동 서울시 종로구 지봉로 87(창신동, 창신이수아파트,무
235,마트,110000,종로구,씨스페이스,744-6078,종로구 숭인2동 서울시 종로구 종로 383(숭인동),,무
236,마트,500000,강서구,NC 백화점,2667-9000,강서구 등촌3동 서울시 강서구 강서로56길 17(등촌동),http://www.ncshopping.com/ShopGuide/Gangse/floorGuide_Detail.aspx,유
237,마트,500000,강서구,롯데쇼핑 김포스카이파크,6116-2500,강서구 방화2동 서울시 강서구 하늘길 38(방화동),http://www.lotteshopping.com/depart/branch/map/map_034.jsp?branch_cd=034,유
240,마트,500000,강서구,공항시장,2662-2751,강서구 방화2동 서울시 강서구 개화동로 543(방화동),,유
241,마트,500000,강서구,화곡중앙시장,2602-5757,강서구 화곡1동 서울시 강서구 월정로30길 69(화곡동),,유
242,마트,500000,강서구,남부화곡시장,2651-5554,강서구 화곡4동 서울시 강서구 등촌로5길 80(화곡동),,유
243,마트,500000,강서구,신월중앙시장,2693-3704,강서구 화곡1동 서울시 강서구 강서로5나길 109(화곡동),,유
244,마트,500000,강서구,대원종합시장,2695-5751,강서구 화곡3동 서울시 강서구 화곡로21길 78(화곡동),,유
245,마트,500000,강서구,등마루시장,3661-2355,강서구 등촌1동 서울시 강서구 화곡로68길 120(등촌동),,유
246,마트,500000,강서구,송화시장,2605-5767,강서구 발산1동 서울시 강서구 강서로45나길 16(내발산동),,유
247,마트,500000,강서구,방신시장,2666-4080,강서구 방화1동 서울시 강서구 방화동로16길 54-4(방화동),,유
248,마트,500000,강서구,화곡본동시장,692-6614,강서구 화곡본동 서울시 강서구 초록마을로2길 43(화곡동),,무
249,마트,500000,강서구,까치산시장,2699-4078,강서구 화곡8동 서울시 강서구 강서로 52(화곡동),,무
250,마트,650000,서초구,이마트 양재점,2155-1234,서초구 양재1동 서울시 서초구 매헌로 16(양재동),www.emart.com,유
251,마트,650000,서초구,하나로클럽 양재점,3498-1000,서초구 양재2동 서울시 서초구 청계산로 10(양재동),www.hanaro-club.com,유
252,마트,650000,서초구,킴스클럽 강남점,530-5752,서초구 잠원동 서울시 서초구 잠원로 69(잠원동),,유
254,마트,380000,은평구,대호프라자상가,353-6169,은평구 불광1동 서울시 은평구 불광로 90(불광동, 대호프라자아파트),유
255,마트,380000,은평구,메트로,389-1100,은평구 불광2동 서울시 은평구 통일로 856(불광동),,유
256,마트,380000,은평구,불광미성상가,357-2440,은평구 불광1동 서울시 은평구 통일로 780(불광동,미성아파트),유
257,마트,380000,은평구,범서쇼핑센터,385-0224,은평구 불광1동 서울시 은평구 통일로 842(불광동),,유
258,마트,380000,은평구,이마트 은평점,380-1054,은평구 응암1동 서울시 은평구 은평로 111(응암동),,유
259,마트,380000,은평구,이마트 수색점,6943-1234,은평구 수색동 서울시 은평구 수색동 76-14,,유
260,마트,260000,중랑구,이마트 묵동점,2083-1234,중랑구 묵1동 서울시 중랑구 동일로 932(묵동, 묵동자이아파트),유
261,마트,740000,강동구,이마트 천호점,2224-1052,강동구 천호2동 서울시 강동구 천호대로 1017(천호동),store.emart.com/branch/info/info.jsp?id=370,유
262,마트,740000,강동구,이마트 명일점,2145-1051,강동구 명일2동 서울시 강동구 고덕로 276(명일동),store.emart.com/branch/info/info.jsp?id=650,유
263,마트,740000,강동구,홈플러스 강동점,3400-8123,강동구 천호1동 서울시 강동구 양재대로 1571(천호동),corporate.homeplus.co.kr/Store/HyperMarket.aspx,유
264,마트,740000,강동구,2001아울렛 천호점,426-2001,강동구 천호2동 서울시 강동구 구천면로 189(천호동,동아코아),유
265,마트,740000,강동구,농협하나로마트 둔촌점,473-5501,강동구 둔촌1동 서울시 강동구 양재대로 1330(둔촌동),www.hanaro-club.com/u_store.main.do?cmd=read&flag=init&branch_no=402,유
266,마트,740000,강동구,농협하나로마트 성내점,2224-8971,강동구 성내1동 서울시 강동구 올림픽로 528(성내동),www.hanaro-club.com/u_store.main.do?cmd=read&flag=init&branch_no=402,유
267,마트,740000,강동구,롯데마켓 999 강동점,485-5601,강동구 성내2동 서울시 강동구 천호대로 1078(성내동,씨제이나인파크),유
268,마트,740000,강동구,롯데마켓 999 길동점,472-5604,강동구 길1동 서울시 강동구 성안로 176(길동, 길동 골드빌1차아파트),무
269,마트,740000,강동구,롯데슈퍼 둔촌점,474-5601,강동구 둔촌2동 서울시 강동구 풍성로 63길 84(둔촌동),company.lottesuper.co.kr/handler/infodesk/RentStore-Start,유
270,마트,740000,강동구,이마트에브리데이 암사점,2296-3651,강동구 암사3동 서울시 강동구 고덕로 99(암사동),www.emarteveryday.co.kr/branch/branchList.jsp,유
271,마트,740000,강동구,에브리데이리테일 명일점,3426-6155,강동구 명일1동 서울시 강동구 고덕로 210(명일동, 삼익그린맨션),유
272,마트,740000,강동구,홈플러스 익스프레스 암사점,441-0671,강동구 암사1동 서울시 강동구 고덕로 24길 50(암사동),corporate.homeplus.co.kr/Store/HyperMarket.aspx,유
273,마트,740000,강동구,홈플러스 익스프레스 성내점,475-8546,강동구 성내1동 서울시 강동구 풍성로 138(성내동),corporate.homeplus.co.kr/Store/HyperMarket.aspx,유
274,마트,740000,강동구,홈플러스 익스프레스 길동점,470-8530,강동구 길1동 서울시 강동구 양재대로 1486(길동),corporate.homeplus.co.kr/Store/HyperMarket.aspx,무
275,마트,740000,강동구,GS슈퍼마켓 둔촌점,478-2268,강동구 둔촌1동 서울시 강동구 양재대로 1330(둔촌동),gssuper.gsretail.com/branch/shop/list.aspx,유
276,마트,740000,강동구,GS슈퍼마켓 명일점,426-3708,강동구 명일1동 서울시 강동구 양재대로 1630(명일동),gssuper.gsretail.com/branch/shop/list.aspx,유
277,마트,740000,강동구,GS슈퍼마켓 암사점,426-9122,강동구 암사1동 서울시 강동구 구천면로 317(암사동),gssuper.gsretail.com/branch/shop/list.aspx,유
278,마트,740000,강동구,GS슈퍼마켓 암사캐슬점,6933-2502,강동구 암사3동 서울시 강동구 고덕로 133(암사동),gssuper.gsretail.com/branch/shop/list.aspx,유
279,마트,740000,강동구,GS슈퍼마켓 주양점,428-4162,강동구 명일2동 서울시 강동구 고덕로 62길 55(명일동),gssuper.gsretail.com/branch/shop/list.aspx,유
281,마트,530000,구로구,홈플러스테스코(주)신도림점,2618-2080,구로구 신도림동 서울시 구로구 경인로 661(신도림동),www.homeplus.co.kr,유
283,마트,530000,구로구,나인스에비뉴,6678-8000,구로구 구로5동 서울시 구로구 구로중앙로 134(구로동,신구로자이나인스에비뉴),유
284,마트,320000,도봉구,방학동 도깨비시장,954-1225,도봉구 방학2동 서울시 도봉구 도당로13다길29(방학동),,유
285,마트,320000,도봉구,창동신창시장,990-0040,도봉구 창2동 서울시 도봉구 덕릉로59가길47-6(창동),,무
286,마트,320000,도봉구,창동골목시장,010-3742-6757,도봉구 창3동 서울시 도봉구 덕릉로58길16(창동),,무
287,마트,320000,도봉구,신도봉시장,954-0604,도봉구 도봉1동 서울시 도봉구 도당로27길60(도봉동),,무
288,마트,590000,동작구,이마트 에브리데이 상도동점,823-3651,동작구 상도2동 서울시 동작구 상도로31길 19(상도동,브라운스톤상도아파트),무
289,마트,590000,동작구,이마트 에브리데이 대방동점,841-3651,동작구 대방동 서울시 동작구 상도로 81(대방동),,무
290,마트,590000,동작구,이마트 에브리데이 이수점,595-1234,동작구 사당1동 서울시 동작구 사당로 300(사당동),,무
291,마트,590000,동작구,홈플러스익스프레스 남성점,3481-8542,동작구 사당3동 서울시 동작구 사당로 215(사당동),,무
292,마트,590000,동작구,홈플러스익스프레스 상도점,826-8546,동작구 상도4동 서울시 동작구 성대로 43(상도동),,무
293,마트,590000,동작구,롯데쇼핑(주)롯데슈퍼 상도3점,812-5601,동작구 상도3동 서울시 동작구 상도로 147(상도동),,무
294,마트,590000,동작구,홈플러스익스프레스 대방점,813-8611,동작구 대방동 서울시 동작구 노량진로 4(대방동),,무
295,마트,590000,동작구,홈플러스익스프레스 상도2점,816-8546,동작구 상도2동 서울시 동작구 만양로 26 건영(아) 상가 지하(상도동,건영아파트),무
296,마트,590000,동작구,홈플러스익스프레스 상도3점,3280-8545,동작구 상도4동 서울시 동작구 상도동 216-3 롯데캐슬상가1층,,무
297,마트,590000,동작구,롯데쇼핑(주)롯데슈퍼 사당점,523-5601,동작구 사당1동 서울시 동작구 동작대로 9(사당동),,무
298,마트,590000,동작구,(주)에브리데이 사당동점,596-9584,동작구 사당2동 서울시 동작구 사당동 105-1 신동아상가,,무
299,마트,590000,동작구,(주)지에스리테일GS슈퍼 사당점,3476-2242,동작구 사당2동 서울시 동작구 동작대로 29길 119 사당우성3단지 지하101(사당동),,무
300,마트,590000,동작구,(주)농협유통 하나로마트,813-7001,동작구 흑석동 서울시 동작구 흑석동 94-1,,무
301,마트,590000,동작구,이마트 에브리데이 흑석점,814-9320,동작구 흑석동 서울시 동작구 서달로 158(흑석동),,무
302,마트,590000,동작구,영도시장,815-1561,동작구 상도2동 서울시 동작구 장승배기로10길 26(상도동),,유
303,마트,590000,동작구,강남시장,813-6231,동작구 상도1동 서울시 동작구 상도로34길 76(상도동),,무
304,마트,590000,동작구,사당시장,582-3333,동작구 사당4동 서울시 동작구 사당로 244(사당동),,유
305,마트,590000,동작구,성대시장,822-4488,동작구 상도3동 서울시 동작구 상도로 102(상도동),,유
306,마트,590000,동작구,본동인정시장,824-3762,동작구 노량진1동 서울시 동작구 매봉로 177(본동),,무
307,마트,140000,중구,롯데마트 서울역점,411-8500,중구 중림동 서울시 중구 한강대로 405 서울역(봉래동2가),,유
308,마트,140000,중구,이마트 청계천점,2290-1052,중구 황학동 서울시 중구 청계천로 400(황학동,롯데캐슬베네치아),유
309,마트,620000,관악구,GS슈퍼마켓,2039-8215,관악구 낙성대동 서울시 관악구 봉천로 576(봉천동),www.gsretail.com,무
310,마트,620000,관악구,GS슈퍼마켓,864-5656,관악구 난향동 서울시 관악구 난곡로 50(신림동),www.gsretail.com,무
311,마트,620000,관악구,홈플러스 익스프레스,872-8545,관악구 중앙동 서울시 관악구 양녕로 46(봉천동),express.homeplus.co.kr,무
312,마트,620000,관악구,홈플러스 익스프레스,3285-8561,관악구 대학동 서울시 관악구 신림로 101(신림동),express.homeplus.co.kr,무
313,마트,620000,관악구,이마트 에브리데이,3285-3651,관악구 은천동 서울시 관악구 은천로 51(봉천동),www.emarteveryday.co.kr,무
314,마트,620000,관악구,롯데마이슈퍼,522-5603,관악구 남현동 서울시 관악구 남부순환로 2074(남현동),www.lottesuper.co.kr,무
315,마트,620000,관악구,롯데마켓999,523-5691,관악구 남현동 서울시 관악구 남현길 79(남현동),www.lottesuper.co.kr,무
316,마트,620000,관악구,ns마트,877-7520,관악구 보라매동 서울시 관악구 봉천로 289, 1층 평화빌딩(봉천동),무
3,백화점,620000,용산구,아이파크몰 백화점,2012-0101,용산구 한강로동 서울시 용산구 한강대로23길 55(한강로3가),www.iparkmall.co.kr/,유
16,백화점,600000,양천구,현대백화점 목동점,2163-2233,양천구 목1동 서울시 양천구 목동동로 257(목동,www.ehyundai.com/,유
17,백화점,600000,양천구,행복한세상 목동점(하나로마트),6678-9000,양천구 목1동 서울시 양천구 목동동로 309(목동),www.haengbok.com/,유
35,백화점,600000,구로구,AK PLAZA,818-1000,구로구 구로5동 서울시 구로구 구로중앙로 152(구로동),www.akplaza.com,유
54,백화점,600000,송파구,롯데백화점 잠실점,411-5551~4,송파구 잠실3동 서울시 송파구 올림픽로 240(잠실동),www.lotteshopping.com/depart/branch/submain.jsp?branch_cd=002,유
67,백화점,600000,강북구,롯데백화점 미아점,944-2500,강북구 송중동 서울시 강북구 도봉로 62(미아동),www.lotteshopping.com/depart/branch/submain.jsp?branch_cd=024,유
82,백화점,600000,성북구,현대백화점 미아점,2117-2233,성북구 길음2동 서울시 성북구 동소문로 315(길음동),,유
114,백화점,600000,광진구,롯데백화점 스타시티점,2218-2500,광진구 자양3동 서울시 광진구 능동로 92(자양동),www.lotteshopping.com/depart/branch/map/map_028.jsp?branch_cd=028,유
124,백화점,600000,동작구,태평백화점,595-8000,동작구 사당2동 서울시 동작구 동작대로 115(사당동),www.taepyungmall.com/,유
155,백화점,600000,동대문구,롯데백화점 청량리점,958-1511~2,동대문구 청량리동 서울시 동대문구 왕산로 205(전농동),www.lotteshopping.com,유
158,백화점,600000,관악구,롯데백화점 관악점,833-2500,관악구 보라매동 서울시 관악구 봉천로 209(봉천동,store.lotteshopping.com/handler/Main-Start?subBrchCd=005&gubun=1,유
183,백화점,600000,서대문구,현대백화점 신촌점,3145-2233,서대문구 신촌동 서울시 서대문구 신촌로 83(창천동),www.ehyundai.com,유
205,백화점,600000,송파구,NC백화점 송파점,2157-5000,송파구 문정2동 서울시 송파구 문정동 517,www.ncshopping.com/,유
238,백화점,600000,강서구,NC 백화점,2667-9000,강서구 등촌3동 서울시 강서구 강서로56길 17(등촌동),http://www.ncshopping.com/ShopGuide/Gangse/floorGuide_Detail.aspx,유
239,백화점,600000,강서구,롯데쇼핑 김포스카이파크,6116-2500,강서구 방화2동 서울시 강서구 하늘길 38(방화동),http://www.lotteshopping.com/depart/branch/map/map_034.jsp?branch_cd=034,유
253,백화점,600000,서초구,신세계백화점 강남점,1588-1234,서초구 반포본동 서울시 서초구 신반포로 176(반포동),department.shinsegae.com,유
280,백화점,600000,강동구,현대백화점 천호점,2225-8704,강동구 천호2동 서울시 강동구 천호대로 1005(천호동),www.ehyundai.com/,유
282,백화점,600000,구로구,다큐브시티 백화점,2211-1000,구로구 구로5동 서울시 구로구 구로중앙로 152(구로동),www.dcubecity.com,유
